user_id,full_name,email,phone_number
1,Albano Llopis Hierro,emiliocalatayud@example.net,+34823 96 00 13
2,José Antonio de Flor,cgimenez@example.net,+34 886 02 65 42
3,Rico Navarro,bruricardo@example.org,+34 927594078
4,Íñigo Pinedo Bermúdez,paula95@example.net,+34871103413
5,Goyo Lobo Santana,fermin55@example.org,+34884 192 832
6,Fortunata Lerma Gimenez,pia03@example.org,+34916 41 39 53
7,Gertrudis Segarra Clavero,emilio38@example.net,+34883 96 96 53
8,José Manuel Uriarte Bou,canalsezequiel@example.net,+34 847691669
9,Lucía Iglesias Alberdi,lasamaria-jose@example.net,+34 924 146 270
10,Josué Escalona-Vera,martinprudencia@example.net,+34982 932 528
11,Ágata Abascal,amaya01@example.com,+34 902 30 39 11
12,Sabina Bayón Casas,georginatalavera@example.net,+34 848489638
13,Pepe Mesa,cperea@example.net,+34 973 133 150
14,Manola Grau-Giménez,beldalaura@example.net,+34 813 105 183
15,Nicanor Torralba-Gargallo,loretosuarez@example.org,+34976631165
16,Guiomar Solera Balaguer,barrerasamuel@example.net,+34923 13 33 87
17,Héctor Español Lopez,eiborra@example.com,+34825080132
18,Julieta Teruel García,kbarral@example.com,+34 664 74 68 72
19,Eusebio Gelabert,barreramariana@example.com,+34807097882
20,José Manuel Bernat Estevez,bayoimelda@example.org,+34945 19 39 90
21,Anita Hortensia Yáñez Molina,hernando53@example.com,+34944 247 510
22,María Ángeles Cabo Beltrán,antonialara@example.org,+34925 135 427
23,Ofelia del Ángel,marigracia@example.org,+34842 41 18 24
24,Marciano Cruz Novoa Frutos,anselma74@example.org,+34824640052
25,Cecilio Sala-Roma,caparroscarlos@example.net,+34 845 80 59 82
26,Belen Arnaiz Mendez,trini05@example.org,+34881 158 692
27,Toni de Elorza,lamat@example.net,+34922634216
28,Timoteo Sosa Girón,olgasegui@example.com,+34 902 330 365
29,Toni Baños-Lorenzo,felipa86@example.net,+34987 501 429
30,Alejo Camps-Rovira,luisina56@example.net,+34 983169340
31,Abigaíl Vizcaíno Figueras,tomas15@example.net,+34911 484 656
32,Leonel Bernardo Feliu Rivero,ndavila@example.net,+34 901 68 04 43
33,Roberta Montserrat Sola,rsalamanca@example.org,+34 983721489
34,Araceli Gutierrez Menéndez,noeliaflor@example.org,+34 730379176
35,Charo Plana-Urrutia,jhervas@example.net,+34616 32 87 08
36,Álvaro de Sastre,nicolasasobrino@example.net,+34986 895 798
37,Selena Salmerón Cuenca,qsandoval@example.org,+34 886873471
38,Desiderio Elías Narváez Montenegro,chaconeutropio@example.org,+34 942 23 16 65
39,Josefa del Barrios,pepitarivera@example.com,+34 729 67 05 46
40,Lupita Giménez Torrents,leandroruano@example.com,+34736 56 27 29
41,Alba del Amores,romeroelpidio@example.com,+34 860 465 375
42,Pía Pinilla Lobo,finiesta@example.com,+34 728053100
43,Cornelio de Corominas,edmundosaenz@example.net,+34828 937 452
44,María Dolores Piedad Carbó Céspedes,candido90@example.com,+34 941 631 931
45,Teodoro Octavio Carrillo Armengol,berta65@example.org,+34 982 50 67 16
46,Mercedes Segura Coronado,uecheverria@example.net,+34 885 987 769
47,Felix Higueras-Bolaños,socorro73@example.com,+34941507527
48,Galo Jordán,lino94@example.net,+34708313678
49,Onofre del Tudela,falemany@example.com,+34876634957
50,Luisa del Roig,pastor74@example.com,+34881 31 35 18
51,Clemente Gascón Tomé,lourdes98@example.net,+34 887134352
52,Adrián Paulino Castañeda Lledó,ballestercarolina@example.com,+34841 710 947
53,Isabela Niño Espinosa,iriarterosalva@example.com,+34 828 16 71 90
54,Carlito Mateu Blázquez,diegorico@example.net,+34877 867 749
55,Encarnación Barrena Cabezas,eufemiagalvan@example.com,+34822 23 28 12
56,Hernando Sanjuan Soriano,anacleto34@example.net,+34 887713493
57,Aurora Gomila Company,pascuala21@example.org,+34 848499471
58,Noemí Mateu Quevedo,angelita87@example.com,+34822906594
59,Artemio Granados Almansa,corona02@example.com,+34984 742 967
60,Joel Oliveras Real,miguel-angel12@example.com,+34 947746807
61,Fausto Iniesta Morales,quinterorosaura@example.net,+34 687603859
62,Maura Salamanca Aznar,juanitocastro@example.com,+34967109324
63,Adoración del Buendía,prudenciacarballo@example.com,+34 832 748 467
64,Daniela Saura Coca,mfarre@example.net,+34 843146584
65,Epifanio Martín Tovar,victorianotome@example.com,+34922886753
66,Lucho del Guillen,uarranz@example.net,+34976662702
67,Marta Mármol,sacristancornelio@example.net,+34973 02 62 17
68,Fortunato Puga-Bernat,reyes86@example.com,+34 979809134
69,Raúl de Roura,cabreravicente@example.org,+34 901 005 045
70,Irene Coello Hidalgo,kescolano@example.org,+34 822 96 93 79
71,David Serra Izquierdo,qjara@example.org,+34 975 48 21 75
72,Emperatriz Rodrigo-Ibáñez,mmatas@example.com,+34 978 13 69 59
73,Pancho Eusebio Almeida Priego,adan90@example.net,+34980439533
74,Dionisia Nidia Cerro Caballero,mendizabalmodesta@example.com,+34749521456
75,Cornelio Catalán Paz,paulina24@example.com,+34 900 51 71 23
76,Soraya Paz Bosch,qalcala@example.net,+34 841 754 965
77,Nicolás Guillen Soto,mosquerayolanda@example.net,+34876174612
78,Alejo Mayo Ugarte,cabanillasjoel@example.net,+34 843 675 869
79,Venceslás Ribera Cabeza,rraya@example.org,+34 933773515
80,Xiomara del Barrera,mllorente@example.org,+34973 139 005
81,Bernardino de Bayona,deliagarzon@example.org,+34 922 290 422
82,Dionisia de Canet,catalaalbino@example.com,+34879 950 240
83,Raimundo Robledo Zorrilla,bartolomealba@example.com,+34927891783
84,Amada Pascuala Vázquez Mata,danguita@example.com,+34945 617 711
85,María Fernanda Colomer Bastida,leonardomorcillo@example.com,+34986 478 961
86,Teodosio Garrido Ropero,agracia@example.com,+34 973 66 15 65
87,Glauco Corominas-Sánchez,boupaz@example.org,+34824 61 52 80
88,Mar Murcia-Carvajal,qotero@example.com,+34806494519
89,Cloe Cortes,ggomez@example.com,+34928149368
90,María Luisa Nereida Amo Lastra,escribanoleandro@example.net,+34902550229
91,Anastasia Cifuentes Anglada,garridorenato@example.com,+34 973 52 54 59
92,Anselma Verónica Badía Cortés,mariselaayala@example.net,+34822 47 67 97
93,Elena Garriga Vila,ochoatito@example.org,+34 887 97 84 03
94,María Belén Ballesteros Aguilera,marcialgalvan@example.org,+34882 451 076
95,Berto Pinto Grau,calixto60@example.com,+34 727159696
96,Ema Cardona Quirós,morcillofrancisco-javier@example.net,+34974 516 136
97,Gracia Zamora-Bermúdez,vmenendez@example.com,+34876521818
98,Charo Olmedo,lucia23@example.org,+34844 43 29 21
99,Rolando Uribe Simó,omoraleda@example.com,+34845717744
100,Amor Ortiz-Vera,menendezinigo@example.com,+34 800 05 41 19
101,Lilia Fátima Sevillano Armengol,ufabra@example.net,+34 977820715
102,José Antonio Duque Ariza,laurario@example.com,+34 985 89 25 54
103,Guadalupe Neira Badía,blas51@example.net,+34942 44 92 51
104,Narcisa Cid-Olmo,gabriela62@example.net,+34 823 48 65 28
105,Mohamed Roda Verdugo,alejandro54@example.org,+34875 573 322
106,Eusebio Cadenas Vera,navarrosarita@example.net,+34 842 96 22 29
107,Poncio Río Arranz,rpastor@example.net,+34879 794 738
108,Fabián del Ferrera,irene97@example.com,+34 887 688 623
109,Bernardita Trini Ibáñez Azorin,jpera@example.org,+34 984 141 247
110,Brunilda Ruiz,gironaolga@example.com,+34925 060 685
111,Guadalupe de Perera,amaromontalban@example.org,+34 923220472
112,Jacinta Adadia Bernad,jaenildefonso@example.org,+34 986 614 341
113,Dimas Rivas Sebastián,canteropiedad@example.com,+34 987 08 93 24
114,Abigaíl Osorio Hernandez,qexposito@example.net,+34823 851 888
115,Manola Almagro,csoriano@example.net,+34 943 540 515
116,Quique de Márquez,arsenioortuno@example.net,+34923277221
117,Alicia Marcos Fortuny,floressoraya@example.org,+34914 86 87 40
118,Eric Palau,marmolleandro@example.org,+34928667652
119,Nydia Valencia Pedrero,nicolasa16@example.org,+34 959 28 45 11
120,Nadia Marqués Medina,krojas@example.net,+34971570596
121,Miguel Barceló-Benavides,gparra@example.net,+34 847029702
122,Desiderio Pazos Paredes,mantunez@example.org,+34972557192
123,Flavia Puig,florentina43@example.org,+34 732 78 68 14
124,Pastor Salmerón-Garmendia,joaquina73@example.org,+34 843 172 715
125,Olimpia Barón Manrique,renata22@example.com,+34982313237
126,Geraldo Peinado Solsona,emmaboix@example.org,+34902678669
127,Bernardino Molins Benavent,rsolano@example.net,+34924289226
128,Zaida Baquero,villegasezequiel@example.com,+34 848 253 584
129,Edgardo Ferrándiz Llobet,eufemiamateo@example.net,+34 987 182 992
130,Narciso Nebot Armengol,bertranartemio@example.net,+34 884396907
131,Ema del Tomas,noaramis@example.com,+34 973 10 27 67
132,Clara Nieto Cobo,rosalva55@example.com,+34 842588153
133,Azucena Lastra Sancho,epifaniocaballero@example.org,+34888 696 325
134,Palmira Milla-Falcó,andreavilla@example.com,+34 981 470 168
135,Dalila Garrido Osorio,ayusolope@example.com,+34 976480162
136,Prudencio Paz-Quintana,artemio60@example.net,+34 872584168
137,Ramona Losa Carrera,cletoprada@example.com,+34923 85 23 98
138,Leyre Arjona Arrieta,cerroleyre@example.com,+34976 87 29 82
139,Íngrid Montalbán Cámara,lmartinez@example.com,+34982 887 947
140,Gerónimo Muñoz Canals,ymena@example.net,+34739 749 930
141,Julia Donaire-Zamora,rcoloma@example.org,+34 749 13 07 56
142,Hilario Frías Reguera,tbarrios@example.org,+34984 385 786
143,Carmela Segura Noriega,inmaculada49@example.com,+34871348434
144,Pastor Cristóbal Torrijos Molins,joller@example.net,+34885419866
145,Reina Coll Manrique,maestrelidia@example.org,+34 925 747 338
146,Lisandro Llabrés-Cervantes,herasjose-carlos@example.org,+34986 330 165
147,Armida Cervantes Adadia,santostamarit@example.com,+34 873 454 019
148,Juanito de Díez,cecheverria@example.com,+34980 240 049
149,Ascensión Áurea Naranjo Luís,fzamora@example.org,+34 982 743 152
150,Miriam Jimenez Estrada,navasmorena@example.com,+34871 29 66 85
151,Herberto Bustos Esteban,albinamorales@example.org,+34 704 637 454
152,Paloma Alberdi-Jurado,jimena30@example.net,+34 837426841
153,Gerónimo Marino Giner Gilabert,alecoronado@example.com,+34936878339
154,Juan José Salom Álvarez,casemiro91@example.org,+34 982398225
155,Isaura Carnero,lilianatorrijos@example.org,+34 983 707 286
156,Marcela Barco Sevilla,loreto06@example.com,+34639 106 518
157,Victoriano Bayón Suarez,madridsebastian@example.org,+34 843 656 766
158,Néstor Cañas Oliveras,escalonabrigida@example.com,+34 986230047
159,Imelda del Gras,edgaroliva@example.org,+34 886 310 690
160,Cristian de Cabrero,salomelba@example.net,+34 806306738
161,René Barbero,anitamancebo@example.org,+34 920 99 53 42
162,Consuela Reyes,leonardo08@example.net,+34849 68 70 56
163,Esther Rico,tcompany@example.com,+34 868 73 34 27
164,Lisandro Rey Riera,romanherrero@example.com,+34873517518
165,Amancio Ledesma,eariza@example.org,+34 876 735 403
166,Raimundo Carpio,sherrera@example.net,+34873 63 85 46
167,Luna Palomar Mendez,placido87@example.com,+34825753556
168,Lope Giralt Coello,juliancarolina@example.net,+34 948423536
169,Serafina Hoyos-Valera,jose-angel77@example.com,+34848522872
170,Miguela de Zamora,benaventeolimpia@example.net,+34 806062312
171,César Vega Sarmiento,benito99@example.com,+34 979008860
172,Juan Manuel Llobet Madrid,vallesodalis@example.net,+34 952 11 82 33
173,Lucila Dolores Pablo Lastra,xbermudez@example.com,+34 974 93 34 10
174,Hermenegildo Pinilla Pi,obarba@example.org,+34 849176591
175,Ágata Arnau,hectortalavera@example.com,+34803 14 89 02
176,Adriana Galan Cobos,tbenitez@example.org,+34 880 968 562
177,Josué Oliva Baeza,ruizjesus@example.org,+34 924 999 650
178,Ruben Sanjuan-Trujillo,pelayoperez@example.com,+34869619431
179,Eloy Correa Pinto,manolaporras@example.com,+34927 110 475
180,Aurelio Cazorla-Bonet,tomassanchez@example.net,+34 983 61 01 58
181,Marc Morata Plaza,manzanaresseveriano@example.com,+34 823 83 98 26
182,Buenaventura Leiva Mascaró,america21@example.org,+34 964647154
183,Poncio del Ferrán,icampo@example.com,+34 706 596 575
184,Sabina Cerdán Mas,elisa37@example.com,+34 856547935
185,Elisa Pozo Patiño,folchdora@example.net,+34858073741
186,Nerea Valera Chaparro,jose-antonio42@example.net,+34 949617979
187,Luna Velázquez Ripoll,palomaresjudith@example.net,+34823 135 290
188,Mireia Pulido-Mármol,acamacho@example.org,+34 883 388 899
189,Jacinto del Posada,jvall@example.com,+34 737146112
190,Esperanza Novoa Sarabia,azahartomas@example.com,+34 977177514
191,Sandalio Cardona Alsina,flora12@example.net,+34880 828 258
192,Joaquina Guardiola Quirós,gilbertorosell@example.com,+34739 37 96 60
193,Cristian Lopez,calnerea@example.net,+34865 53 71 47
194,Micaela Millán,lpoza@example.org,+34 925 57 92 49
195,Anselma Cañete-Millán,gomezmarcos@example.org,+34 865286692
196,Fátima Rocha-Estevez,jduran@example.org,+34979 422 579
197,Toribio Palomar Agustí,mcerezo@example.com,+34 982767677
198,Ariel Anguita Giménez,anacleto43@example.net,+34 888279788
199,Luciano Carbonell Leal,candela07@example.net,+34 876613407
200,Félix Bonet-Saavedra,galvezhugo@example.net,+34925 96 29 23
